<?xml version="1.0"?>
<opencv_storage>
<!-- Created using Computer Vision Toolbox(tm) for MATLAB(R) -->
<!-- Version 9.8.0.1417392 (R2020a) Update 4 -->
<!-- Compatible with OpenCV 3.4 -->
<cascade>
  <stageType>BOOST</stageType>
  <featureType>HOG</featureType>
  <height>35</height>
  <width>32</width>
  <stageParams>
    <boostType>GAB</boostType>
    <minHitRate>9.9500000476837158e-01</minHitRate>
    <maxFalseAlarm>1.0000000149011612e-01</maxFalseAlarm>
    <weightTrimRate>9.4999999999999996e-01</weightTrimRate>
    <maxDepth>1</maxDepth>
    <maxWeakCount>100</maxWeakCount></stageParams>
  <featureParams>
    <maxCatCount>0</maxCatCount>
    <featSize>36</featSize></featureParams>
  <stageNum>4</stageNum>
  <stages>
    <!-- stage 0 -->
    <_>
      <maxWeakCount>1</maxWeakCount>
      <stageThreshold>9.5348834991455078e-01</stageThreshold>
      <weakClassifiers>
        <_>
          <internalNodes>
            0 -1 2 6.0429893434047699e-02</internalNodes>
          <leafValues>
            -1. 9.5348834991455078e-01</leafValues></_></weakClassifiers></_>
    <!-- stage 1 -->
    <_>
      <maxWeakCount>2</maxWeakCount>
      <stageThreshold>5.3795903921127319e-02</stageThreshold>
      <weakClassifiers>
        <_>
          <internalNodes>
            0 -1 5 4.7639086842536926e-02</internalNodes>
          <leafValues>
            -9.3023258447647095e-01 9.4999998807907104e-01</leafValues></_>
        <_>
          <internalNodes>
            0 -1 7 4.3636515736579895e-02</internalNodes>
          <leafValues>
            -8.9620411396026611e-01 1.</leafValues></_></weakClassifiers></_>
    <!-- stage 2 -->
    <_>
      <maxWeakCount>2</maxWeakCount>
      <stageThreshold>-1.3716049492359161e-01</stageThreshold>
      <weakClassifiers>
        <_>
          <internalNodes>
            0 -1 3 6.2447734177112579e-02</internalNodes>
          <leafValues>
            -9.7590363025665283e-01 9.0697675943374634e-01</leafValues></_>
        <_>
          <internalNodes>
            0 -1 6 3.8025155663490295e-02</internalNodes>
          <leafValues>
            -8.8898032903671265e-01 8.3874309062957764e-01</leafValues></_></weakClassifiers></_>
    <!-- stage 3 -->
    <_>
      <maxWeakCount>4</maxWeakCount>
      <stageThreshold>-2.5136479735374451e-01</stageThreshold>
      <weakClassifiers>
        <_>
          <internalNodes>
            0 -1 4 6.6737877205014229e-03</internalNodes>
          <leafValues>
            7.9487180709838867e-01 -8.3908045291900635e-01</leafValues></_>
        <_>
          <internalNodes>
            0 -1 1 6.4754240214824677e-02</internalNodes>
          <leafValues>
            -8.7301087379455566e-01 7.8892016410827637e-01</leafValues></_>
        <_>
          <internalNodes>
            0 -1 3 9.2314511537551880e-02</internalNodes>
          <leafValues>
            -8.1879436969757080e-01 6.7395019531250000e-01</leafValues></_>
        <_>
          <internalNodes>
            0 -1 0 1.9310954958200455e-02</internalNodes>
          <leafValues>
            6.1758995056152344e-01 -8.6267346143722534e-01</leafValues></_></weakClassifiers></_></stages>
  <features>
    <_>
      <rect>
        4 4 8 8 8</rect></_>
    <_>
      <rect>
        4 4 8 8 35</rect></_>
    <_>
      <rect>
        4 16 8 8 6</rect></_>
    <_>
      <rect>
        4 16 8 8 24</rect></_>
    <_>
      <rect>
        4 16 8 8 35</rect></_>
    <_>
      <rect>
        12 0 8 16 28</rect></_>
    <_>
      <rect>
        0 0 16 8 33</rect></_>
    <_>
      <rect>
        0 4 16 8 1</rect></_></features></cascade>
</opencv_storage>
